{
  "retrieval": {
    "mean_precision@1": 1.0,
    "mean_recall@1": 0.95,
    "mean_f1@1": 0.9666666666666666,
    "mean_ndcg@1": 1.0,
    "mean_precision@3": 0.36666666666666664,
    "mean_recall@3": 1.0,
    "mean_f1@3": 0.53,
    "mean_ndcg@3": 1.0,
    "mean_precision@5": 0.36666666666666664,
    "mean_recall@5": 1.0,
    "mean_f1@5": 0.53,
    "mean_ndcg@5": 1.0,
    "mean_precision@10": 0.36666666666666664,
    "mean_recall@10": 1.0,
    "mean_f1@10": 0.53,
    "mean_ndcg@10": 1.0,
    "mean_mrr": 1.0,
    "map": 1.0,
    "num_queries": 10,
    "k_values": [
      1,
      3,
      5,
      10
    ]
  },
  "llm": {
    "num_cases": 10,
    "accuracy": 0.8,
    "precision": 0.7142857142857143,
    "recall": 1.0,
    "f1_score": 0.8333333333333333,
    "confusion_matrix": {
      "tp": 5,
      "fp": 2,
      "tn": 3,
      "fn": 0
    }
  }
}